# ************************************************************
# Sequel Pro SQL dump
# Version 4096
#
# http://www.sequelpro.com/
# http://code.google.com/p/sequel-pro/
#
# Host: 159.253.18.224 (MySQL 5.1.73-1)
# Database: teil_crm_dev
# Generation Time: 2014-06-14 10:19:11 +0000
# ************************************************************


/*!40101 SET @OLD_CHARACTER_SET_CLIENT=@@CHARACTER_SET_CLIENT */;
/*!40101 SET @OLD_CHARACTER_SET_RESULTS=@@CHARACTER_SET_RESULTS */;
/*!40101 SET @OLD_COLLATION_CONNECTION=@@COLLATION_CONNECTION */;
/*!40101 SET NAMES utf8 */;
/*!40014 SET @OLD_FOREIGN_KEY_CHECKS=@@FOREIGN_KEY_CHECKS, FOREIGN_KEY_CHECKS=0 */;
/*!40101 SET @OLD_SQL_MODE=@@SQL_MODE, SQL_MODE='NO_AUTO_VALUE_ON_ZERO' */;
/*!40111 SET @OLD_SQL_NOTES=@@SQL_NOTES, SQL_NOTES=0 */;


# Dump of table currencies
# ------------------------------------------------------------

DROP TABLE IF EXISTS `currencies`;

CREATE TABLE `currencies` (
  `id` int(11) unsigned NOT NULL AUTO_INCREMENT,
  `name` varchar(255) NOT NULL DEFAULT '',
  `unit` varchar(50) NOT NULL,
  PRIMARY KEY (`id`),
  UNIQUE KEY `name` (`name`)
) ENGINE=InnoDB DEFAULT CHARSET=utf8;

LOCK TABLES `currencies` WRITE;
/*!40000 ALTER TABLE `currencies` DISABLE KEYS */;

INSERT INTO `currencies` (`id`, `name`, `unit`)
VALUES
	(1,'USD','$'),
	(2,'Гривна','грн.'),
	(3,'Рубль','руб.');

/*!40000 ALTER TABLE `currencies` ENABLE KEYS */;
UNLOCK TABLES;


# Dump of table currency_history
# ------------------------------------------------------------

DROP TABLE IF EXISTS `currency_history`;

CREATE TABLE `currency_history` (
  `id` int(11) NOT NULL AUTO_INCREMENT,
  `currency_id` int(11) unsigned NOT NULL,
  `price` varchar(50) NOT NULL DEFAULT '0',
  `created_at` datetime DEFAULT NULL,
  `deprecated_at` datetime DEFAULT '2099-01-01 00:00:00',
  PRIMARY KEY (`id`),
  KEY `currency_id` (`currency_id`),
  CONSTRAINT `FK_currency_history_currencies` FOREIGN KEY (`currency_id`) REFERENCES `currencies` (`id`) ON DELETE CASCADE ON UPDATE CASCADE
) ENGINE=InnoDB DEFAULT CHARSET=utf8;

LOCK TABLES `currency_history` WRITE;
/*!40000 ALTER TABLE `currency_history` DISABLE KEYS */;

INSERT INTO `currency_history` (`id`, `currency_id`, `price`, `created_at`, `deprecated_at`)
VALUES
	(2,2,'1','2014-01-01 00:00:00','2099-01-01 00:00:00'),
	(3,3,'0.31','2014-01-01 00:00:00','2014-06-02 14:49:26'),
	(7,1,'13','2014-01-01 00:00:00','2014-05-30 15:46:38'),
	(12,1,'12','2014-05-30 15:46:38','2099-01-01 00:00:00'),
	(13,3,'0.325','2014-06-02 14:49:26','2099-01-01 00:00:00');

/*!40000 ALTER TABLE `currency_history` ENABLE KEYS */;
UNLOCK TABLES;


# Dump of table migrations
# ------------------------------------------------------------

DROP TABLE IF EXISTS `migrations`;

CREATE TABLE `migrations` (
  `migration` varchar(255) COLLATE utf8_unicode_ci NOT NULL,
  `batch` int(11) NOT NULL
) ENGINE=InnoDB DEFAULT CHARSET=utf8 COLLATE=utf8_unicode_ci;

LOCK TABLES `migrations` WRITE;
/*!40000 ALTER TABLE `migrations` DISABLE KEYS */;

INSERT INTO `migrations` (`migration`, `batch`)
VALUES
	('2013_09_08_182322_create_users_table',1),
	('2013_09_08_184042_create_users_group_table',1),
	('2013_09_09_065654_add_email_field_to_users_table',1);

/*!40000 ALTER TABLE `migrations` ENABLE KEYS */;
UNLOCK TABLES;


# Dump of table money_account
# ------------------------------------------------------------

DROP TABLE IF EXISTS `money_account`;

CREATE TABLE `money_account` (
  `id` int(11) NOT NULL AUTO_INCREMENT,
  `name` varchar(255) NOT NULL,
  `icon` text NOT NULL,
  `losses` float NOT NULL DEFAULT '0',
  `currency_id` int(11) unsigned NOT NULL,
  `created_at` datetime DEFAULT NULL,
  `updated_at` datetime DEFAULT NULL,
  PRIMARY KEY (`id`),
  KEY `currency_id` (`currency_id`),
  CONSTRAINT `money_account_ibfk_1` FOREIGN KEY (`currency_id`) REFERENCES `currencies` (`id`) ON DELETE CASCADE ON UPDATE CASCADE
) ENGINE=InnoDB DEFAULT CHARSET=utf8;

LOCK TABLES `money_account` WRITE;
/*!40000 ALTER TABLE `money_account` DISABLE KEYS */;

INSERT INTO `money_account` (`id`, `name`, `icon`, `losses`, `currency_id`, `created_at`, `updated_at`)
VALUES
	(12,'ЯД. Шкабко','',4,3,'2014-04-29 08:07:48','2014-05-14 09:57:25'),
	(13,'WebMoney RUB','',10,3,'2014-04-29 08:07:59','2014-05-12 21:43:01'),
	(14,'WebMoney UAH','',0,2,'2014-04-29 08:08:09','2014-05-02 11:13:45'),
	(15,'ЯД. Босько','',0,2,'2014-04-29 08:08:38','2014-05-02 11:13:59'),
	(16,'УкрСибБанк','',0,2,'2014-04-29 08:08:46','2014-05-02 11:14:20'),
	(17,'Приват Банк','',0,2,'2014-05-02 11:14:28','2014-05-02 11:14:28'),
	(18,'Qiwi','',4,3,'2014-05-16 15:18:57','2014-05-16 15:18:57'),
	(19,'Интеркасса','',9,2,'2014-05-21 09:07:23','2014-05-21 09:07:23'),
	(20,'Приват Банк (Юра)','',0,2,'2014-05-26 12:50:16','2014-05-26 12:50:16'),
	(21,'Колибри','',1,3,'2014-05-30 16:14:36','2014-05-30 16:14:36'),
	(22,'Вова (USD)','',0,1,'2014-06-04 09:41:16','2014-06-04 09:41:16'),
	(23,'Вова (UAH)','',0,2,'2014-06-04 09:41:38','2014-06-04 09:41:38');

/*!40000 ALTER TABLE `money_account` ENABLE KEYS */;
UNLOCK TABLES;


# Dump of table project
# ------------------------------------------------------------

DROP TABLE IF EXISTS `project`;

CREATE TABLE `project` (
  `id` int(11) NOT NULL AUTO_INCREMENT,
  `status` int(1) NOT NULL DEFAULT '0',
  `project_priority_id` int(11) NOT NULL,
  `done_percents` int(11) NOT NULL,
  `actual_hours` varchar(255) NOT NULL DEFAULT '0',
  `end_date` date NOT NULL,
  `created_at` date NOT NULL,
  `updated_at` date NOT NULL,
  PRIMARY KEY (`id`),
  KEY `project_priority_id` (`project_priority_id`),
  CONSTRAINT `project_ibfk_1` FOREIGN KEY (`project_priority_id`) REFERENCES `project_priority` (`id`)
) ENGINE=InnoDB DEFAULT CHARSET=utf8;

LOCK TABLES `project` WRITE;
/*!40000 ALTER TABLE `project` DISABLE KEYS */;

INSERT INTO `project` (`id`, `status`, `project_priority_id`, `done_percents`, `actual_hours`, `end_date`, `created_at`, `updated_at`)
VALUES
	(69,0,8,0,'0','2014-06-12','2014-05-02','2014-05-02'),
	(71,0,6,100,'0','2014-05-07','2014-05-07','2014-05-07'),
	(72,0,6,100,'0','2014-05-12','2014-05-12','2014-05-12'),
	(73,0,9,50,'0','2014-05-25','2014-05-13','2014-05-13'),
	(74,1,6,100,'0','2014-04-30','2014-05-13','2014-06-02'),
	(75,1,6,100,'0','2014-02-15','2014-05-13','2014-06-02'),
	(76,1,6,0,'0','2014-06-30','2014-05-14','2014-06-02'),
	(77,1,6,100,'0','2014-05-16','2014-05-16','2014-05-16'),
	(78,1,6,0,'0','2014-05-18','2014-05-16','2014-06-02'),
	(79,0,8,2,'0','2014-06-14','2014-05-21','2014-05-21'),
	(80,1,6,0,'0','2014-05-23','2014-05-22','2014-06-02'),
	(81,1,6,30,'0','2014-05-23','2014-05-22','2014-06-02'),
	(82,1,8,100,'0','2014-05-27','2014-05-23','2014-06-12'),
	(83,0,8,0,'0','2014-06-14','2014-05-23','2014-05-23'),
	(84,0,8,50,'0','2014-06-13','2014-05-26','2014-05-26'),
	(85,1,6,100,'0','2014-06-04','2014-05-28','2014-06-02'),
	(86,1,8,100,'0','2014-05-30','2014-05-28','2014-06-12'),
	(87,0,8,10,'0','2014-07-05','2014-06-02','2014-06-02'),
	(88,1,6,100,'0','2014-05-28','2014-06-02','2014-06-12'),
	(89,0,8,0,'0','2014-06-08','2014-06-04','2014-06-04'),
	(90,0,8,0,'0','2014-06-12','2014-06-06','2014-06-06'),
	(91,0,8,0,'0','2014-06-10','2014-06-09','2014-06-09'),
	(92,1,6,100,'0','2014-02-28','2014-06-12','2014-06-12'),
	(93,0,8,0,'0','2014-06-13','2014-06-13','2014-06-13'),
	(94,0,6,0,'0','2014-06-13','2014-06-13','2014-06-13'),
	(95,0,8,0,'0','2014-07-08','2014-06-13','2014-06-13');

/*!40000 ALTER TABLE `project` ENABLE KEYS */;
UNLOCK TABLES;


# Dump of table project_description
# ------------------------------------------------------------

DROP TABLE IF EXISTS `project_description`;

CREATE TABLE `project_description` (
  `id` int(11) NOT NULL AUTO_INCREMENT,
  `project_id` int(11) NOT NULL,
  `name` varchar(255) NOT NULL DEFAULT '',
  `desctiption_short` text NOT NULL,
  `description` text NOT NULL,
  PRIMARY KEY (`id`),
  KEY `project_id` (`project_id`),
  CONSTRAINT `project_description_ibfk_1` FOREIGN KEY (`project_id`) REFERENCES `project` (`id`) ON DELETE CASCADE ON UPDATE CASCADE
) ENGINE=InnoDB DEFAULT CHARSET=utf8;

LOCK TABLES `project_description` WRITE;
/*!40000 ALTER TABLE `project_description` DISABLE KEYS */;

INSERT INTO `project_description` (`id`, `project_id`, `name`, `desctiption_short`, `description`)
VALUES
	(71,69,'FASPA','Сайт \"под ключ\" на CMS Битрикс','Сайт \"под ключ\" на CMS Битрикс'),
	(73,71,'LP Михаила Бакунина','Верстка и перенос на хостинг тренирга','Верстка и перенос на хостинг тренирга'),
	(74,72,'Прометей','Сайт на WordPress ','Сайт на WordPress '),
	(75,73,'Пироговый дворик','Верстка и программирование на 1С Битрикс: Малый Бизнес','Верстка и программирование на 1С Битрикс: Малый Бизнес'),
	(76,74,'PIMI','Верстка и программирование на 1С Битрикс: Малый бизнес','Верстка и программирование на 1С Битрикс: Малый бизнес'),
	(77,75,'Vokistore','Интернет-магазин на UMI.CMS','Интернет-магазин на UMI.CMS'),
	(78,76,'ТЕРЕС','Сайт-каталог \"под ключ\" на WordPress','Сайт-каталог \"под ключ\" на WordPress'),
	(79,77,'Reg-firm','Поддержка сайта на WP','Поддержка сайта на WP'),
	(80,78,'Shower Agency','Выполнить верстку полученных макетов','Выполнить верстку полученных макетов'),
	(81,79,'Занино','Верстка и программирование на 1С-Битрикс','Верстка и программирование на 1С-Битрикс'),
	(82,80,'Лендинг чехлы iPhone','Вёрстка лендинга:  www.t-k.bz','Вёрстка лендинга:  www.t-k.bz'),
	(83,81,'Лендинг ЖК \"Городок\"','Разработка лендинга ','Разработка лендинга '),
	(84,82,'Отель \"Relax\"','Верстка и программирование WP','Верстка и программирование WP'),
	(85,83,'BPrix','Доработки сайта на OpenCart','Доработки сайта на OpenCart'),
	(86,84,'Модна Дива','Сайт на OpenCart','Сайт на OpenCart'),
	(87,85,'Тат Подарки','Интернет-магазин на Simpla CMS','Интернет-магазин на Simpla CMS'),
	(88,86,'Лендинг \"Melliot\"','Выполнить верстку ','Выполнить верстку '),
	(89,87,'ЦЗИ','Сайт \"под ключ\" на CMS Bitrix','Сайт \"под ключ\" на CMS Bitrix'),
	(90,88,'Банк \"Стратегия\"','Доработки сайта банк \"Стратегия\"','Доработки сайта банк \"Стратегия\"'),
	(91,89,'Плагины','Тут будут все задачи по разработке плагинов','Тут будут все задачи по разработке плагинов'),
	(92,90,'Рассылка для Repka','Создать e-mail рассылку для интернет-магазина Repka','Создать e-mail рассылку для интернет-магазина Repka'),
	(93,91,'Norson','Выполнить доработки сайта norson.ru','Выполнить доработки сайта norson.ru'),
	(94,92,'Presento','Верстка + интеграция с OpenCart','Верстка + интеграция с OpenCart'),
	(95,93,'Рассылка ДеалМед ','Верстка рассылки Деал Мед ','Верстка рассылки Деал Мед '),
	(96,94,'Рассылка Trap Energy','Верстка рассылки для Трэп Энерджи','Верстка рассылки для Трэп Энерджи'),
	(97,95,'Athletic Pharma','Перенос с Webasyst Shop-Script на OpenCart','Перенос с Webasyst Shop-Script на OpenCart');

/*!40000 ALTER TABLE `project_description` ENABLE KEYS */;
UNLOCK TABLES;


# Dump of table project_priority
# ------------------------------------------------------------

DROP TABLE IF EXISTS `project_priority`;

CREATE TABLE `project_priority` (
  `id` int(11) NOT NULL AUTO_INCREMENT,
  `sort_order` int(11) NOT NULL DEFAULT '500',
  `name` varchar(255) NOT NULL DEFAULT '',
  `color` varchar(255) NOT NULL DEFAULT '',
  `created_at` datetime DEFAULT NULL,
  `updated_at` datetime DEFAULT NULL,
  PRIMARY KEY (`id`)
) ENGINE=InnoDB DEFAULT CHARSET=utf8;

LOCK TABLES `project_priority` WRITE;
/*!40000 ALTER TABLE `project_priority` DISABLE KEYS */;

INSERT INTO `project_priority` (`id`, `sort_order`, `name`, `color`, `created_at`, `updated_at`)
VALUES
	(6,500,'Завершено','#05e123','2014-04-29 08:01:26','2014-05-02 11:37:18'),
	(7,500,'Низкий','#f1e366','2014-04-29 08:01:46','2014-05-02 11:36:50'),
	(8,500,'Нормальный','#f3b800','2014-04-29 08:02:03','2014-05-02 11:36:33'),
	(9,500,'Высокий','#ed2051','2014-04-29 08:24:22','2014-05-02 11:35:28'),
	(10,500,'Немедленно','#d11241','2014-04-29 08:33:10','2014-05-02 11:35:40');

/*!40000 ALTER TABLE `project_priority` ENABLE KEYS */;
UNLOCK TABLES;


# Dump of table task
# ------------------------------------------------------------

DROP TABLE IF EXISTS `task`;

CREATE TABLE `task` (
  `id` int(11) NOT NULL AUTO_INCREMENT,
  `project_id` int(11) NOT NULL,
  `name` varchar(150) NOT NULL DEFAULT '',
  `short_description` varchar(255) NOT NULL DEFAULT '',
  `description` text NOT NULL,
  `created_at` date NOT NULL,
  `updated_at` date NOT NULL,
  PRIMARY KEY (`id`),
  KEY `project_id` (`project_id`),
  CONSTRAINT `task_ibfk_1` FOREIGN KEY (`project_id`) REFERENCES `project` (`id`) ON DELETE CASCADE ON UPDATE CASCADE
) ENGINE=InnoDB DEFAULT CHARSET=utf8;

LOCK TABLES `task` WRITE;
/*!40000 ALTER TABLE `task` DISABLE KEYS */;

INSERT INTO `task` (`id`, `project_id`, `name`, `short_description`, `description`, `created_at`, `updated_at`)
VALUES
	(40,69,'Разработка ТЗ','Разработать ТЗ ','Разработать ТЗ на основании полученной информации','2014-05-02','2014-05-02'),
	(45,71,'Верстка','Верстка','Верстка','2014-05-07','2014-05-07'),
	(46,72,'Доработки (Прометей)','Сделать доработки','Прометей(доработки):\r\n1) Нужно дополнить главную страницу, сертификаты сделать кликабельными, чтобы всплывали документы большего размера.\r\n\r\n2) Сделать, чтобы по клику на адресе эл.почты в заголовке всплывало окно заявки\r\n\r\nПо форме заявки: \r\n1) я дополнил поля, просьба проверить корректность кода \r\n2) Убрать проверку валидности номера телефона  \r\n3) Сделать чек-боксы с новой строки','2014-05-12','2014-05-16'),
	(61,73,'Интеграция с Битрикс','Сделать интеграцию с Битрикс','Сделать интеграцию с Битрикс','2014-05-13','2014-05-13'),
	(67,74,'Доработки ','Сделать доработки PIMI:\r\n1) Новинки на Главной - админ формирует сам, что туда выводить.\r\n2) Доработки ссылок\r\nПисьмо на почте.\r\n','Сделать доработки PIMI:\r\n1) Новинки на Главной - админ формирует сам, что туда выводить.\r\n2) Доработки ссылок\r\nПисьмо на почте.','2014-05-13','2014-05-13'),
	(72,75,'Доработки','Сделать доработки','1) Сделать так, чтобы у товаров с меткой «Товар в пути» не было кнопки «Добавить в корзину». П.С. Пока у товаров стоит метка «Товар в пути» их купить нельзя.\r\n2) В футере сайта ошибка в поле где надо вводить е-маил для подписки. Написано «адресс», а надо «адрес»\r\n3) Сертификаты – это должен быть альбом с картинками (сканы сертификатов, документы). На данный момент картинки не отображаются.\r\n4) Опрос – убрать возможность голосовать несколько раз если это возможно. Сейчас голосовать получается КАЖДЫЙ раз когда заходишь на сайт.','2014-05-13','2014-05-16'),
	(73,76,'Разработка прототипов','Разработать прототипы на основе полученной информации','Разработать прототипы на основе полученной информации','2014-05-14','2014-05-30'),
	(78,77,'Доработки ','Доработки калькулятора','Сделать доработки калькулятора','2014-05-16','2014-05-16'),
	(79,77,'Доработки калькулятора 14_05_2014','Сделать доработки калькулятора','Сделать доработки калькулятора','2014-05-16','2014-05-16'),
	(80,78,'Верстка','Выполнить верстку полученных макетов','Выполнить верстку полученных макетов','2014-05-16','2014-05-16'),
	(81,79,'Верстка макетов','Выполнить верстку','Выполнить верстку ','2014-05-21','2014-05-23'),
	(82,77,'Исправить цены в калькуляторе ','http://regfirm-online.ru/test-3/ вот тут и тут http://regfirm-online.ru/yuridicheskie-uslugi/registratsiya-yuridicheskih-lits/\r\nТолько подготовка документов\r\n(2500 р.) - делаем 3000\r\nНесколько учередителей\r\n(+500 р.) - делаем 1000\r\nавтомат (+500 р.) - дел','http://regfirm-online.ru/test-3/ вот тут и тут http://regfirm-online.ru/yuridicheskie-uslugi/registratsiya-yuridicheskih-lits/\r\nТолько подготовка документов\r\n(2500 р.) - делаем 3000\r\nНесколько учередителей\r\n(+500 р.) - делаем 1000\r\nавтомат (+500 р.) - делаем 800\r\nи вот тут http://regfirm-online.ru/yuridicheskie-uslugi/registratsiya-individualnyih-predprinimateley/ и тут http://regfirm-online.ru/registratsiya-ip/ меняем печать-автомат(+500р.) - делаем 800\r\n','2014-05-22','2014-05-22'),
	(83,80,'Выполнить верстку ','Сделать вёрстку лендинга:  www.t-k.bz','Сделать вёрстку лендинга:  www.t-k.bz\r\nТЗ и макеты доступны по ссылке http://yadi.sk/d/tty-JHSpQz3fr\r\nЗадача в редмайн http://rm.xmarkup.ru/issues/3738','2014-05-22','2014-05-30'),
	(84,81,'Адаптивная верстка','Сейчас он выглядит вот так:\r\ngorodok39.ru/\r\n\r\nА будет выглядеть вот так\r\ni.imgur.com/8CgbTfN.png\r\n\r\n\r\n','Что нужно добавить или изменить к тому, что уже есть?\r\n\r\n0. Сделать вёрстку адаптивной под планшеты.\r\n\r\n1. Слайдер на первом экране\r\nЗдесь будет 2-3 картинки и смена текста.\r\n- Картинки должны листаться сами с паузой в 5 секунд, но при пролистывании вручную автолисталка должна отключаться.\r\n- Листалка должна работать на планшетах тоже\r\n\r\n2. Блок «Преимущества»\r\nПри наведении на блок он раскрывается и появляется дополнительная информация.\r\nДля планшетов надо сделать раскрытие по клику.\r\n\r\n3. Генплан\r\nГенплан слегка поменялся, поэтому его нужно будет переработать.\r\nЗдесь нужен скрипт.\r\n- Раскрашиваем блоки в 3 варианта – «Куплен», «Забронирован», «Свободен».\r\n- По клику показываем всплывашку с планировкой, ценой и вкладками «Забронировать/Записаться на показ».\r\nЕсли дом уже куплен или забронирован, то вкладки не показываем. По умолчанию вкладки неактивны. По клику форма появляется поверх картинки.\r\nВ каждой всплывашке контент будет отличаться: текстовая инфа, статус дома (куплен/забронирова/свободен), картинка планировки.\r\nНа почту в этом случае отправляем письмо с выбранным домом.\r\n\r\n4. Скрипты всплывашек.\r\nСкрипт всплывашки бажит в гуглехроме – зачастую не появляется фоновое затемнение.\r\nПоэтому надо подключить другой скрипт\r\n\r\n5. Скрипт галереи фотографий\r\nАдаптировать переключение фотографий под планшеты.\r\n\r\nЗадача в редмайн http://rm.xmarkup.ru/issues/3720','2014-05-22','2014-05-22'),
	(85,82,'Верстка ','Выполнить верстку ','Выполнить верстку, макеты и ТЗ доступны по ссылке http://yadi.sk/d/NRaT1sBYR68Zv','2014-05-23','2014-06-04'),
	(86,82,'Программирование ','Разработать шаблон под WP','Разработать шаблон под WP','2014-05-23','2014-05-23'),
	(87,83,'Разработка прототипов ','Задача в редмайн http://rm.xmarkup.ru/issues/3761','Задача в редмайн http://rm.xmarkup.ru/issues/3761','2014-05-23','2014-06-02'),
	(88,83,'Разработка дизайна','Разработка дизайна http://rm.xmarkup.ru/issues/3762','Разработка дизайна http://rm.xmarkup.ru/issues/3762','2014-05-23','2014-06-02'),
	(89,83,'Верстка макетов ','Сделать верстку макетов, задача в редмайн http://rm.xmarkup.ru/issues/3763','Сделать верстку макетов, задача в редмайн http://rm.xmarkup.ru/issues/3763','2014-05-23','2014-06-02'),
	(90,72,'Доработки Главной ','Сделать доработки Главной','Сделать доработки Главной','2014-05-23','2014-05-23'),
	(91,83,'Программирование','Разработать фильтр по разделу Двери','Разработать фильтр по разделу Двери','2014-05-23','2014-06-02'),
	(92,84,'Верстка','Сделать верстку макетов','Сделать верстку макетов','2014-05-26','2014-05-27'),
	(93,84,'Программирование ','Разработать шаблон под OC','Разработать шаблон под OC','2014-05-27','2014-05-27'),
	(94,85,'Сделать доработки','Сделать доработки, задача редмайн http://rm.xmarkup.ru/issues/3798','Сделать доработки, задача редмайн http://rm.xmarkup.ru/issues/3798','2014-05-28','2014-05-30'),
	(95,86,'Верстка целевой страницы \"Melliot\"','Ссылка на макет https://www.dropbox.com/s/maltkhf1rbi3k37/landingmaket.psd\r\nДополнения к макету https://www.dropbox.com/sh/a9m8nse69pea4bv/AADc_4ynzkacJAHpuucueKFGa','Ссылка на макет https://www.dropbox.com/s/maltkhf1rbi3k37/landingmaket.psd\r\nДополнения к макету https://www.dropbox.com/sh/a9m8nse69pea4bv/AADc_4ynzkacJAHpuucueKFGa','2014-05-28','2014-06-12'),
	(98,87,'Разработка прототипов и иллюстрации','На основании полученой информации разработать прототипы и иллюстрацию','На основании полученой информации разработать прототипы и иллюстрацию. \r\nЗадача в редмайн \r\nhttp://rm.xmarkup.ru/issues/3438','2014-06-02','2014-06-02'),
	(101,88,'Разработка калькулятора ','Разработать калькулятор','Разработать калькулятор','2014-06-02','2014-06-02'),
	(102,82,'Некоторые доработки','Сделать доработки слайдера','Сделать доработки слайдера','2014-06-04','2014-06-04'),
	(103,89,'Разработать плагин для RELOG','Разработать плагин для RELOG, ссылка на задачу http://rm.xmarkup.ru/issues/3981','Разработать плагин для RELOG, ссылка на задачу http://rm.xmarkup.ru/issues/3981','2014-06-04','2014-06-04'),
	(104,79,'Программирование ','Выполнить интеграцию с Битрикс','Выполнить интеграцию с Битрикс','2014-06-05','2014-06-05'),
	(105,90,'Дизайн (транзакционное письмо)','Разработать дизайн для транзакционных писем','Разработать дизайн для транзакционных писем','2014-06-06','2014-06-06'),
	(106,90,'Верстка макета','Выполнить верстку макета по MailChimp, задача в редмайн http://rm.xmarkup.ru/issues/4028','Выполнить верстку макета по MailChimp, задача в редмайн http://rm.xmarkup.ru/issues/4028','2014-06-06','2014-06-06'),
	(107,91,'Доработки верстки','Выполнить некоторые доработки верстки\r\n\r\n5) Сделать справа вверху вот такую панельку, которая желтым на скриншоте, а под ней вместо корзины значки оплат?\r\nпанель можно взять отсюда http://www.dochkisinochki.ru/?utm_source=admitad&utm_medium=cpa&utm_campai','Выполнить некоторые доработки:\r\n1) Добавить надпись Официальный сайт и интернет-магазин Norson.ru. Интернет-магазин товаров для сна и отдыха. Доставка по всей России. Гарантия. (пример http://www.shatura.com/)\r\n\r\n2)Над поиском будет номер телефона под ним аська, скайп, почта. Справа от телефона Адрес и часы работы  с 9:00 до 21:00 (все привести к единому виду по стилистике)\r\n\r\n3)добавить ценники к товарам ,Ценники: http://olimpstar.ru/catalog/fitnes/aks/sumki_rukzaki/sportivnye_sumki/?sort=name&direct=asc&perPage=20&PAGEN_1=2&arrFilter_P1_MIN=590&arrFilter_P1_MAX=9990&set_filter=Y\r\n\r\n4)В шапку сайта добавить значки онлайн оплаты\r\n\r\n5) Сделать справа вверху вот такую панельку, которая желтым на скриншоте, а под ней вместо корзины значки оплат. Пример http://c2n.me/ihd2QP.png\r\nпанель можно взять отсюда http://www.dochkisinochki.ru/?utm_source=admitad&utm_medium=cpa&utm_campaign=117985&utm_content=117985&admitad_uid=70033b1b18e5a1dd6b66261fdf101ca7\r\n\r\n6) Сделать выпадающее меню, как на сайте http://spim.ru/index.html','2014-06-09','2014-06-09'),
	(108,92,'Доработки верстки','Сделать некоторые доработки верстки','Сделать некоторые доработки верстки, задача в редмайн http://rm.xmarkup.ru/issues/3931','2014-06-12','2014-06-12'),
	(109,93,'Верстка рассылки Деал Мед ','Выполнить верстку рассылки под сервис SmartResponder','Выполнить верстку рассылки под сервис SmartResponder\r\nМакет - https://yadi.sk/d/gcVwYUJyT3nJz\r\nЗадача в Редмайн - http://rm.xmarkup.ru/issues/4185','2014-06-13','2014-06-13'),
	(110,94,'Верстка рассылки ','Выполнить верстку рассылки для ТРЭП Энержди','Выполнить верстку рассылки для ТРЭП Энержди.\r\nЗадача в Редмайн http://rm.xmarkup.ru/issues/4193\r\nОтвет Заказчику http://rm.xmarkup.ru/issues/4168','2014-06-13','2014-06-13'),
	(111,95,'Перенос всех товаров и категорий','Выполнить перенос всех данных с Webasyst Shop-Script на \"чистый\" OpenCart','Выполнить перенос всех данных с Webasyst Shop-Script на \"чистый\" OpenCart, зачача в редмайн http://rm.xmarkup.ru/issues/4186','2014-06-13','2014-06-13'),
	(112,95,'Интеграция всех страниц с OC','Выполнить интеграцию всех страниц с OpenCart','Выполнить интеграцию всех страниц с OpenCart\r\nЗадача в Редмайн http://rm.xmarkup.ru/issues/4187','2014-06-13','2014-06-13'),
	(113,95,' Доработки стандартного функционала','Выполнить доработки:\r\n- скидки по группам\r\n- корзины\r\n- админки\r\nи пр.\r\n','Выполнить доработки:\r\n- скидки по группам\r\n- корзины\r\n- админки\r\nи пр.\r\nЗадача в Редмайн - http://rm.xmarkup.ru/issues/4188','2014-06-13','2014-06-13');

/*!40000 ALTER TABLE `task` ENABLE KEYS */;
UNLOCK TABLES;


# Dump of table transaction
# ------------------------------------------------------------

DROP TABLE IF EXISTS `transaction`;

CREATE TABLE `transaction` (
  `id` int(11) NOT NULL AUTO_INCREMENT,
  `transaction_to_money_account_id` int(11) NOT NULL,
  `transaction_object_type` varchar(100) NOT NULL DEFAULT '',
  `transaction_object_id` int(11) NOT NULL,
  `updated_at` date NOT NULL,
  `created_at` date NOT NULL,
  PRIMARY KEY (`id`),
  KEY `FK_transaction_money_account` (`transaction_to_money_account_id`),
  CONSTRAINT `transaction_ibfk_1` FOREIGN KEY (`transaction_to_money_account_id`) REFERENCES `money_account` (`id`)
) ENGINE=InnoDB DEFAULT CHARSET=utf8;

LOCK TABLES `transaction` WRITE;
/*!40000 ALTER TABLE `transaction` DISABLE KEYS */;

INSERT INTO `transaction` (`id`, `transaction_to_money_account_id`, `transaction_object_type`, `transaction_object_id`, `updated_at`, `created_at`)
VALUES
	(49,13,'none',0,'2014-04-29','2014-03-30'),
	(55,12,'project',69,'2014-05-02','2014-05-02'),
	(59,12,'project',73,'2014-05-13','2014-05-13'),
	(60,12,'project',73,'2014-05-13','2014-05-13'),
	(61,12,'project',76,'2014-05-14','2014-05-14'),
	(64,12,'project',72,'2014-05-16','2014-05-16'),
	(65,12,'project',77,'2014-05-16','2014-05-16'),
	(66,12,'project',77,'2014-05-16','2014-05-16'),
	(67,12,'project',78,'2014-05-16','2014-05-16'),
	(68,18,'project',75,'2014-05-16','2014-05-16'),
	(69,19,'project',79,'2014-05-21','2014-05-21'),
	(70,13,'project',77,'2014-05-22','2014-05-22'),
	(71,13,'project',74,'2014-05-22','2014-05-22'),
	(73,19,'project',80,'2014-05-22','2014-05-22'),
	(74,19,'project',74,'2014-05-23','2014-05-23'),
	(76,19,'project',82,'2014-05-23','2014-05-23'),
	(77,19,'project',83,'2014-05-23','2014-05-23'),
	(78,13,'project',72,'2014-05-23','2014-05-23'),
	(79,19,'project',79,'2014-05-23','2014-05-23'),
	(80,13,'project',73,'2014-05-26','2014-05-26'),
	(81,20,'project',84,'2014-05-27','2014-05-27'),
	(82,13,'project',85,'2014-05-28','2014-05-28'),
	(83,19,'project',86,'2014-05-28','2014-05-28'),
	(84,13,'project',73,'2014-05-29','2014-05-29'),
	(85,13,'project',85,'2014-05-30','2014-05-30'),
	(87,19,'project',80,'2014-05-30','2014-05-30'),
	(88,19,'project',83,'2014-05-30','2014-05-30'),
	(89,19,'project',87,'2014-06-02','2014-06-02'),
	(90,13,'project',88,'2014-06-02','2014-06-02'),
	(91,20,'user',9,'2014-06-02','2014-06-02'),
	(92,12,'project',71,'2014-06-02','2014-06-02'),
	(94,20,'user',8,'2014-06-02','2014-06-02'),
	(95,20,'user',6,'2014-06-02','2014-06-02'),
	(96,19,'project',86,'2014-06-03','2014-06-03'),
	(97,19,'project',82,'2014-06-04','2014-06-04'),
	(98,19,'project',89,'2014-06-04','2014-06-04'),
	(99,19,'project',79,'2014-06-05','2014-06-05'),
	(100,12,'project',79,'2014-06-05','2014-06-05'),
	(102,20,'user',10,'2014-06-05','2014-06-05'),
	(103,23,'project',90,'2014-06-06','2014-06-06'),
	(104,20,'user',10,'2014-06-06','2014-06-06'),
	(105,19,'project',91,'2014-06-09','2014-06-09'),
	(107,19,'project',91,'2014-06-10','2014-06-10'),
	(108,20,'user',8,'2014-06-11','2014-06-11'),
	(110,20,'user',6,'2014-06-11','2014-06-11'),
	(111,19,'project',92,'2014-06-12','2014-06-12'),
	(112,19,'project',93,'2014-06-13','2014-06-13'),
	(113,19,'project',94,'2014-06-13','2014-06-13'),
	(114,13,'project',95,'2014-06-13','2014-06-13');

/*!40000 ALTER TABLE `transaction` ENABLE KEYS */;
UNLOCK TABLES;


# Dump of table transaction_description
# ------------------------------------------------------------

DROP TABLE IF EXISTS `transaction_description`;

CREATE TABLE `transaction_description` (
  `id` int(11) NOT NULL AUTO_INCREMENT,
  `transaction_id` int(11) NOT NULL,
  `transaction_purpose_id` int(11) DEFAULT NULL,
  `name` varchar(255) NOT NULL,
  `value` text NOT NULL,
  `is_expense` tinyint(4) NOT NULL DEFAULT '0',
  `created_at` datetime NOT NULL,
  `updated_at` datetime NOT NULL,
  PRIMARY KEY (`id`),
  KEY `transaction_id` (`transaction_id`),
  KEY `transaction_purpose_id` (`transaction_purpose_id`),
  CONSTRAINT `transaction_description_ibfk_1` FOREIGN KEY (`transaction_id`) REFERENCES `transaction` (`id`) ON DELETE CASCADE ON UPDATE CASCADE,
  CONSTRAINT `transaction_description_ibfk_2` FOREIGN KEY (`transaction_purpose_id`) REFERENCES `transaction_purpose` (`id`)
) ENGINE=InnoDB DEFAULT CHARSET=utf8;

LOCK TABLES `transaction_description` WRITE;
/*!40000 ALTER TABLE `transaction_description` DISABLE KEYS */;

INSERT INTO `transaction_description` (`id`, `transaction_id`, `transaction_purpose_id`, `name`, `value`, `is_expense`, `created_at`, `updated_at`)
VALUES
	(49,49,3,'оплата','1000',0,'2014-04-29 13:34:24','2014-04-29 13:34:24'),
	(55,55,4,'Предоплата за ТЗ и прототипы','7500',0,'2014-05-02 12:10:24','2014-05-02 12:10:24'),
	(59,59,4,'Предоплата за программирование 25%','10000',0,'2014-05-13 09:57:19','2014-05-13 09:57:19'),
	(60,60,4,'Предоплата за программирование 25%','10000',0,'2014-05-13 15:04:13','2014-05-13 15:04:13'),
	(61,61,4,'Предоплата за прототипы','5000',0,'2014-05-14 08:37:22','2014-05-14 08:37:22'),
	(64,64,8,'Оплата за доработки','1400',0,'2014-05-16 15:04:44','2014-05-16 15:04:44'),
	(65,65,8,'Доработки калькулятора','400',0,'2014-05-16 15:05:56','2014-05-16 15:05:56'),
	(66,66,8,'Доработки калькулятора','400',0,'2014-05-16 15:09:06','2014-05-16 15:09:06'),
	(67,67,8,'Оплата за верстку','4000',0,'2014-05-16 15:10:41','2014-05-16 15:10:41'),
	(68,68,8,'Оплата за доработки','1200',0,'2014-05-16 15:24:15','2014-05-16 15:24:15'),
	(69,69,4,'Прдеоплата за верстку Главной','626',0,'2014-05-21 09:08:23','2014-05-21 09:08:23'),
	(70,70,8,'Правки цен','300',0,'2014-05-22 11:01:30','2014-05-22 11:01:30'),
	(71,71,8,'Оплата за доработки','7000',0,'2014-05-22 11:15:08','2014-05-22 11:15:08'),
	(73,73,4,'Предоплата за верстку','645',0,'2014-05-22 11:55:31','2014-05-22 11:55:31'),
	(74,74,8,'Оплата за доработки','968',0,'2014-05-23 08:06:53','2014-05-23 08:06:53'),
	(76,76,4,'Предоплата','1613',0,'2014-05-23 10:45:57','2014-05-23 10:45:57'),
	(77,77,4,'Предоплата за прототипы','1613',0,'2014-05-23 12:24:56','2014-05-23 12:24:56'),
	(78,78,8,'Оплата за доработки','350',0,'2014-05-23 12:34:32','2014-05-23 12:34:32'),
	(79,79,8,'Часть оплаты за верстку','939',0,'2014-05-23 13:36:57','2014-05-23 13:36:57'),
	(80,80,8,'Оплата за проект','9800',0,'2014-05-26 09:58:31','2014-05-26 09:58:31'),
	(81,81,8,'Оплата за верстку + предоплата за программирование 50%','8000',0,'2014-05-27 12:12:26','2014-05-27 12:12:26'),
	(82,82,4,'Предоплата за доработки 50%','2000',0,'2014-05-28 12:12:47','2014-05-28 12:12:47'),
	(83,83,4,'Предоплата 50%','782',0,'2014-05-28 13:28:27','2014-05-28 13:28:27'),
	(84,84,3,'Оплата за проект ','9800',0,'2014-05-29 13:19:03','2014-05-29 13:19:03'),
	(85,85,8,'Оплата за доработки','2000',0,'2014-05-30 12:31:25','2014-05-30 12:31:25'),
	(87,87,3,'Оплата за проект','469.00',0,'2014-05-30 16:36:39','2014-05-30 16:36:39'),
	(88,88,8,'Оплата за прототипы и 50% дизайн','3031',0,'2014-05-30 18:21:58','2014-05-30 18:21:58'),
	(89,89,8,'За прототипы и иллюстрацию','4688.00',0,'2014-06-02 14:12:16','2014-06-02 14:12:16'),
	(90,90,3,'Оплата за разработку калькулятора','5000',0,'2014-06-02 14:47:13','2014-06-02 14:47:13'),
	(91,91,3,'Аванс','1500',1,'2014-06-02 14:56:27','2014-06-02 14:56:27'),
	(92,92,8,'Оплата','5000',0,'2014-06-02 15:01:26','2014-06-02 15:01:26'),
	(94,94,3,'Аванс на спортлайф ','2200',1,'2014-06-02 15:05:10','2014-06-02 15:05:10'),
	(95,95,3,'Аванс на спортлайф ','2200',1,'2014-06-02 15:06:06','2014-06-02 15:06:06'),
	(96,96,8,'Оплата за проект','781.00',0,'2014-06-03 10:02:05','2014-06-03 10:02:05'),
	(97,97,8,'Оплата за проект','1970',0,'2014-06-04 07:14:58','2014-06-04 07:14:58'),
	(98,98,4,'Предоплата за разработку','1516',0,'2014-06-04 15:02:09','2014-06-04 15:02:09'),
	(99,99,8,'Оплата за верстку','1750.00',0,'2014-06-05 11:44:22','2014-06-05 11:44:22'),
	(100,100,4,'Предоплата за программирование 50%','4778',0,'2014-06-05 11:53:13','2014-06-05 11:53:13'),
	(102,102,3,'Аванс','1000',1,'2014-06-05 12:42:46','2014-06-05 12:42:46'),
	(103,103,4,'Предоплата 50%','600',0,'2014-06-06 12:29:48','2014-06-06 12:29:48'),
	(104,104,3,'Часть ЗП (Кльомін)','2000',1,'2014-06-06 14:33:24','2014-06-06 14:33:24'),
	(105,105,4,'Предоплата за доработки ','469',0,'2014-06-09 14:21:20','2014-06-09 14:21:20'),
	(107,107,8,'Оплата за доработки','469',0,'2014-06-10 15:31:09','2014-06-10 15:31:09'),
	(108,108,3,'Часть ЗП','1500',1,'2014-06-11 08:27:24','2014-06-11 08:27:24'),
	(110,110,3,'Часть ЗП','1300',1,'2014-06-11 08:29:28','2014-06-11 08:29:28'),
	(111,111,8,'Оплата за доработки','625',0,'2014-06-12 14:11:52','2014-06-12 14:11:52'),
	(112,112,4,'Предоплата 50%','469',0,'2014-06-13 08:55:28','2014-06-13 08:55:28'),
	(113,113,8,'Оплата за проект','313',0,'2014-06-13 10:42:10','2014-06-13 10:42:10'),
	(114,114,4,'Предоплата 50% за этап 1','7500',0,'2014-06-13 11:14:07','2014-06-13 11:14:07');

/*!40000 ALTER TABLE `transaction_description` ENABLE KEYS */;
UNLOCK TABLES;


# Dump of table transaction_purpose
# ------------------------------------------------------------

DROP TABLE IF EXISTS `transaction_purpose`;

CREATE TABLE `transaction_purpose` (
  `id` int(11) NOT NULL AUTO_INCREMENT,
  `name` varchar(255) NOT NULL DEFAULT '',
  `created_at` datetime DEFAULT NULL,
  `updated_at` datetime DEFAULT NULL,
  PRIMARY KEY (`id`)
) ENGINE=InnoDB DEFAULT CHARSET=utf8;

LOCK TABLES `transaction_purpose` WRITE;
/*!40000 ALTER TABLE `transaction_purpose` DISABLE KEYS */;

INSERT INTO `transaction_purpose` (`id`, `name`, `created_at`, `updated_at`)
VALUES
	(3,'Зарплата','2014-04-29 08:05:55','2014-04-29 08:40:11'),
	(4,'Предоплата','2014-04-29 08:39:37','2014-05-02 11:39:59'),
	(6,'Аренда','2014-04-29 08:45:00','2014-05-02 11:40:26'),
	(8,'Поступление','2014-05-02 11:41:09','2014-05-02 11:41:09');

/*!40000 ALTER TABLE `transaction_purpose` ENABLE KEYS */;
UNLOCK TABLES;


# Dump of table user_role
# ------------------------------------------------------------

DROP TABLE IF EXISTS `user_role`;

CREATE TABLE `user_role` (
  `id` int(11) NOT NULL AUTO_INCREMENT,
  `name` varchar(100) NOT NULL,
  `percents` tinyint(4) NOT NULL DEFAULT '0',
  `created_at` datetime DEFAULT NULL,
  `updated_at` datetime DEFAULT NULL,
  PRIMARY KEY (`id`),
  UNIQUE KEY `name` (`name`)
) ENGINE=InnoDB DEFAULT CHARSET=utf8;

LOCK TABLES `user_role` WRITE;
/*!40000 ALTER TABLE `user_role` DISABLE KEYS */;

INSERT INTO `user_role` (`id`, `name`, `percents`, `created_at`, `updated_at`)
VALUES
	(14,'Менеджер',1,'2014-04-29 07:53:55','2014-05-02 11:51:48'),
	(25,'Team Lead',1,'2014-05-02 12:14:15','2014-05-02 12:14:15'),
	(26,'Верстальщик (Dev)',0,'2014-05-02 12:14:27','2014-05-02 12:14:27'),
	(27,'Верстальщик (Sen)',0,'2014-05-02 12:14:39','2014-05-02 12:14:39'),
	(28,'Open Source (Dev)',0,'2014-05-02 12:15:36','2014-05-02 12:15:36'),
	(29,'Open Source (Sen)',0,'2014-05-02 12:16:03','2014-05-02 12:16:03'),
	(30,'Коробка (Dev)',0,'2014-05-02 12:17:32','2014-05-02 12:17:32'),
	(31,'Коробка (Sen)',0,'2014-05-02 12:18:34','2014-05-02 12:18:34'),
	(32,'Дизайнер (Dev) ',0,'2014-05-02 12:19:17','2014-05-02 12:19:17'),
	(33,'Дизайнер (Sen) ',0,'2014-05-02 12:19:45','2014-05-02 12:19:45'),
	(34,'Тестер',0,'2014-05-02 12:20:42','2014-05-02 12:20:42'),
	(35,'Проектировщик',0,'2014-05-02 12:22:48','2014-05-02 12:22:48'),
	(36,'Копирайтер',0,'2014-05-02 12:23:24','2014-05-02 12:23:24');

/*!40000 ALTER TABLE `user_role` ENABLE KEYS */;
UNLOCK TABLES;


# Dump of table user_role_price
# ------------------------------------------------------------

DROP TABLE IF EXISTS `user_role_price`;

CREATE TABLE `user_role_price` (
  `id` int(11) unsigned NOT NULL AUTO_INCREMENT,
  `user_role_id` int(11) NOT NULL,
  `price_per_hour` varchar(50) NOT NULL DEFAULT '',
  `price_per_hour_payable` varchar(50) NOT NULL DEFAULT '',
  `created_at` date NOT NULL,
  `deprecated_at` date DEFAULT '2099-01-01',
  PRIMARY KEY (`id`),
  KEY `user_role_id` (`user_role_id`),
  CONSTRAINT `user_role_price_ibfk_1` FOREIGN KEY (`user_role_id`) REFERENCES `user_role` (`id`) ON DELETE CASCADE ON UPDATE CASCADE
) ENGINE=InnoDB DEFAULT CHARSET=utf8;

LOCK TABLES `user_role_price` WRITE;
/*!40000 ALTER TABLE `user_role_price` DISABLE KEYS */;

INSERT INTO `user_role_price` (`id`, `user_role_id`, `price_per_hour`, `price_per_hour_payable`, `created_at`, `deprecated_at`)
VALUES
	(36,14,'50','35','2014-01-04','2014-04-29'),
	(47,14,'40','30','2014-03-01','2014-03-15'),
	(48,14,'40','30','2014-03-15','2014-03-25'),
	(49,14,'14','7','2014-03-25','2014-04-20'),
	(50,14,'72','50','2014-04-20','2014-05-02'),
	(51,14,'5','5','2014-05-02','2099-01-01'),
	(57,25,'5','5','2014-05-02','2099-01-01'),
	(58,26,'183','58','2014-05-02','2099-01-01'),
	(59,27,'261','83','2014-05-02','2099-01-01'),
	(60,28,'221','70','2014-05-02','2099-01-01'),
	(61,29,'315','100','2014-05-02','2099-01-01'),
	(62,30,'299','95','2014-05-02','2099-01-01'),
	(63,31,'360','112','2014-05-02','2099-01-01'),
	(64,32,'252','80','2014-05-02','2099-01-01'),
	(65,33,'360','112','2014-05-02','2099-01-01'),
	(66,34,'183','58','2014-05-02','2099-01-01'),
	(67,35,'299','95','2014-05-02','2099-01-01'),
	(68,36,'221','70','2014-05-02','2099-01-01');

/*!40000 ALTER TABLE `user_role_price` ENABLE KEYS */;
UNLOCK TABLES;


# Dump of table user_to_task
# ------------------------------------------------------------

DROP TABLE IF EXISTS `user_to_task`;

CREATE TABLE `user_to_task` (
  `id` int(11) NOT NULL AUTO_INCREMENT,
  `task_id` int(11) NOT NULL,
  `user_id` int(11) NOT NULL,
  `user_role_id` int(11) NOT NULL,
  `payed_hours` float NOT NULL,
  PRIMARY KEY (`id`),
  KEY `task_id` (`task_id`),
  KEY `user_id` (`user_id`),
  KEY `user_role_id` (`user_role_id`),
  CONSTRAINT `user_to_task_ibfk_1` FOREIGN KEY (`task_id`) REFERENCES `task` (`id`) ON DELETE CASCADE ON UPDATE CASCADE,
  CONSTRAINT `user_to_task_ibfk_2` FOREIGN KEY (`user_id`) REFERENCES `users` (`id`) ON DELETE CASCADE ON UPDATE CASCADE,
  CONSTRAINT `user_to_task_ibfk_3` FOREIGN KEY (`user_role_id`) REFERENCES `user_role` (`id`) ON DELETE CASCADE ON UPDATE CASCADE
) ENGINE=InnoDB DEFAULT CHARSET=utf8;

LOCK TABLES `user_to_task` WRITE;
/*!40000 ALTER TABLE `user_to_task` DISABLE KEYS */;

INSERT INTO `user_to_task` (`id`, `task_id`, `user_id`, `user_role_id`, `payed_hours`)
VALUES
	(75,40,8,14,0),
	(77,40,8,35,4),
	(82,45,10,27,7),
	(83,46,11,28,2),
	(84,61,5,14,0),
	(85,61,8,14,0),
	(86,61,6,30,2),
	(87,61,5,31,33.9),
	(88,67,5,31,8.5),
	(89,67,8,14,0),
	(91,72,8,14,0),
	(92,73,9,32,6),
	(93,73,8,14,0),
	(102,78,11,28,0.55),
	(103,78,8,14,0),
	(104,46,8,14,0),
	(105,79,8,14,0),
	(106,79,11,28,0.55),
	(107,80,8,14,0),
	(108,80,11,26,6.8),
	(109,72,12,30,1),
	(110,81,11,26,18),
	(111,81,8,14,0),
	(112,82,11,26,0.5),
	(113,82,8,14,0),
	(115,83,8,14,0),
	(116,84,8,14,0),
	(117,84,6,26,8.48),
	(119,85,8,14,0),
	(120,85,14,26,5.2),
	(121,86,8,14,0),
	(122,86,11,28,9.8),
	(123,87,8,14,0),
	(124,87,9,32,6.15),
	(125,88,8,14,0),
	(126,88,9,32,12.3),
	(127,89,10,26,0),
	(128,89,8,14,0),
	(129,90,8,14,0),
	(130,90,11,26,0.6),
	(131,91,8,14,0),
	(132,91,10,28,0),
	(133,92,5,25,0),
	(134,92,8,14,0),
	(135,92,15,26,28),
	(136,93,8,14,0),
	(137,93,5,29,28),
	(138,93,15,28,11),
	(139,94,8,14,0),
	(140,94,10,30,4),
	(141,95,8,14,0),
	(142,95,10,26,8.5),
	(144,94,5,14,0),
	(145,83,12,27,6),
	(146,98,9,32,18.6),
	(147,98,8,14,0),
	(156,101,5,25,0),
	(157,101,8,14,0),
	(158,101,10,28,7),
	(159,89,5,25,0),
	(160,91,5,25,0),
	(161,102,8,14,0),
	(162,102,11,28,2.1),
	(163,103,8,14,0),
	(164,103,12,29,14.76),
	(165,104,8,14,0),
	(166,104,12,31,25.9),
	(167,105,9,32,2.4),
	(168,105,8,14,0),
	(170,106,8,14,0),
	(171,106,11,26,3.3),
	(172,107,5,25,0),
	(173,107,8,14,0),
	(174,107,10,26,5),
	(175,95,5,25,0),
	(176,108,5,25,0),
	(177,108,8,14,0),
	(178,108,10,26,3.4),
	(179,109,8,14,0),
	(180,109,11,26,5),
	(181,110,8,14,0),
	(182,110,11,26,1.69),
	(183,111,8,14,0),
	(184,111,5,25,0),
	(185,111,10,28,21),
	(186,112,5,25,0),
	(187,112,8,14,0),
	(188,112,10,28,21),
	(189,113,8,14,0),
	(190,113,5,25,0),
	(191,113,10,28,11.25);

/*!40000 ALTER TABLE `user_to_task` ENABLE KEYS */;
UNLOCK TABLES;


# Dump of table users
# ------------------------------------------------------------

DROP TABLE IF EXISTS `users`;

CREATE TABLE `users` (
  `id` int(11) NOT NULL AUTO_INCREMENT,
  `email` varchar(255) COLLATE utf8_unicode_ci NOT NULL,
  `perm` int(11) NOT NULL DEFAULT '500',
  `created_at` timestamp NOT NULL DEFAULT '0000-00-00 00:00:00',
  `updated_at` timestamp NOT NULL DEFAULT '0000-00-00 00:00:00',
  PRIMARY KEY (`id`)
) ENGINE=InnoDB DEFAULT CHARSET=utf8 COLLATE=utf8_unicode_ci;

LOCK TABLES `users` WRITE;
/*!40000 ALTER TABLE `users` DISABLE KEYS */;

INSERT INTO `users` (`id`, `email`, `perm`, `created_at`, `updated_at`)
VALUES
	(5,'yuriikrevnyi@gmail.com',5000,'0000-00-00 00:00:00','2014-03-07 22:00:47'),
	(6,'djomaxxx@mail.ru',500,'0000-00-00 00:00:00','2014-04-29 07:50:55'),
	(7,'r.shkabko@teil.com.ua',5000,'0000-00-00 00:00:00','0000-00-00 00:00:00'),
	(8,'m.polazhynets@teil.com.ua',5000,'0000-00-00 00:00:00','0000-00-00 00:00:00'),
	(9,'v.marmooliak@gmail.com',500,'0000-00-00 00:00:00','0000-00-00 00:00:00'),
	(10,'pada2sh@mail.ru',500,'0000-00-00 00:00:00','0000-00-00 00:00:00'),
	(11,'o.ruzhytskyy@teil.com.ua',500,'0000-00-00 00:00:00','0000-00-00 00:00:00'),
	(12,'andrew9965@gmail.com',500,'0000-00-00 00:00:00','0000-00-00 00:00:00'),
	(13,'andriy.mbilyak@gmail.com',500,'0000-00-00 00:00:00','0000-00-00 00:00:00'),
	(14,'kostya_lebedynskiy@ukr.net',500,'0000-00-00 00:00:00','0000-00-00 00:00:00'),
	(15,'mylogin222@gmail.com',500,'0000-00-00 00:00:00','0000-00-00 00:00:00');

/*!40000 ALTER TABLE `users` ENABLE KEYS */;
UNLOCK TABLES;



/*!40111 SET SQL_NOTES=@OLD_SQL_NOTES */;
/*!40101 SET SQL_MODE=@OLD_SQL_MODE */;
/*!40014 SET FOREIGN_KEY_CHECKS=@OLD_FOREIGN_KEY_CHECKS */;
/*!40101 SET CHARACTER_SET_CLIENT=@OLD_CHARACTER_SET_CLIENT */;
/*!40101 SET CHARACTER_SET_RESULTS=@OLD_CHARACTER_SET_RESULTS */;
/*!40101 SET COLLATION_CONNECTION=@OLD_COLLATION_CONNECTION */;
